{"mif1": 22.2222, "maf1": 12.1212, "accuracy": 22.2222, "miprecision": 22.2222, "mirecall": 22.2222, "maprecision": 7.4074, "marecall": 33.3333, "pearson": 0, "spearman": 0, "kappa": 0.0, "mse": 1.444, "mae": 1.0, "wasserstein": 83.3333, "pi_prompt": 0.008156598694942905, "pi_hist": 0.009970079760717848, "avg_prompt_tokens": 2724.4444444444443, "avg_hist_tokens": 2228.8888888888887, "pi_prompt2": 606.8888888888889, "pi_hist2": 496.6666666666667}